Title,Description,Source,Date
Trump claims victory on affordability as public anxieties persist  The Washington Post,Advisers had been encouraging the president to sound more empathetic toward struggling Americans But as some bright spots emerge the messaging has shifted,The Washington Post,2026-02-15T13:02:02Z
Want a mortgage for under 3 in 2026 Meet the assumable mortgage  NPR,Low mortgage rates from the COVID era might still be attainable for homebuyers if they find the right house and have the cash,NPR,2026-02-15T12:00:00Z
At what age should you get a colonoscopy What doctors say after James van der Beeks death  NBC News,The recent death of the 48yearold actor James Van Der Beek is again highlighting how colorectal cancer is increasingly killing younger people,NBC News,2026-02-15T11:00:40Z
Eleven killed in Israeli strikes on Gaza rescuers say  BBC,The Palestinian Red Crescent say a strike on a tent encampment in northern Gaza killed at least six people,BBC News,2026-02-15T10:47:02Z
Trump has chipped away at the longstanding wall between church and state Its just the beginning  CNN,A series of faith initiatives championed by the White House has led to a systematic religious revival within the governments operations culture and policy,CNN,2026-02-15T10:00:46Z
Crown prince urges the world to stand with the people of Iran as 250000 rally in Munich  AP News,About 250000 people have demonstrated against Irans government on the sidelines of a gathering of world leaders in Germany The giant protest in Munich on Saturday answered a call from Irans exiled Crown Prince Reza Pahlavi for cranked up international pre,Associated Press,2026-02-15T09:25:00Z
How the case against a Venezuelan man who was shot by an ICE agent fell apart  CNN,Alfredo Alejandro Aljorna was on shift in Minneapolis on a Wednesday evening last month making deliveries as a DoorDash driver when he realized he was being followed by ICE agents his attorney said,CNN,2026-02-15T09:00:46Z
Trade or trap Japan investors bet on Takaichi after landslide  Financial Times,Markets are still working out what a more empowered prime minister will mean for yen and bonds,Financial Times,2026-02-15T05:00:39Z
Its Time to Burn Down The House Karim Anouz on Eviscerating the SuperRich in Rosebush Pruning  The Hollywood Reporter,An allstar cast  including Callum Turner Jamie Bell Riley Keough Elle Fanning and Pamela Anderson  play a violently dysfunctional family in film that makes Saltburn look tame,Hollywood Reporter,2026-02-15T05:00:27Z
Could the puzzling case of slain Nebraska teen Mary Kay Heese be solved after 50 years  CBS News,The unsolved murder of Mary Kay Heese 17 a high school junior from Wahoo Nebraska has hung over the community for five decades Will what is believed to be the states oldest cold case finally be solved,CBS News,2026-02-15T04:00:00Z
Ohio State Falters Down the Stretch Against No 15 Virginia Despite 28Point Outing From Bruce Thornton  Eleven Warriors,Ohio State scored seven points in the final 10 minutes against No 15 Virginia and fell 7066 despite a 28point outing from Bruce Thornton,Eleven Warriors,2026-02-15T03:25:32Z
Jalen Brunson lifts Team Knicks to NBA AllStar Shooting Stars Challenge title  New York Post,Team Knicks headed into the Kia Shooting Stars Challenge on Saturday as the favorite and they didnt disappoint,New York Post,2026-02-15T00:42:00Z
NASCAR at Daytona Key information links results for 2026 Speedweeks  NASCARcom,Bookmark this page and return often as links results and more for 2026 Daytona Speedweeks are added for all three series,NASCAR,2026-02-15T00:17:53Z
Berlin Film Festival Issues Lengthy Statement Defending Jury  In Response To Media Storm Artists Should Not Be Expected To Speak On Every Political Issue Raised To Them  Deadline,The Berlinale has issued a lengthy statement in defense of our filmmakers and especially our Jury and Jury President following a backlash,Deadline,2026-02-14T23:30:00Z
Samsung Galaxy S26 Ultra Release Date Latest New Prices And Deals  Forbes,This Samsung Galaxy S26 Ultra release date will see a new price strategy with a change to the preorder deal,Forbes,2026-02-14T22:50:30Z
Obama compares ICEs rogue behavior in Minnesota to dictatorships  CNN,Former President Barack Obama said that the behavior of ICE agents in Minnesota over the past few months was deeply concerning and dangerous,CNN,2026-02-14T21:33:44Z
NASA has a new problem to fix before the next Artemis II countdown test  Ars Technica,We observed materially lower leak rates compared to prior observations during WDR1,Ars Technica,2026-02-14T21:02:47Z
At least 6000 killed over 3 days during RSF attack on Sudans elFasher UN says  NBC News,More than 6000 people were killed in over three days when a Sudanese paramilitary group unleashed a wave of intense violence  shocking in its scale and brutality in Sudans Darfur region in late October according to the United Nations,NBC News,2026-02-14T21:00:39Z
How global cybercrime syndicates are stealing hearts  and billions  Politico,Scammers are using artificial intelligence to create more realistic online identities to lure in lonely hearts,Politico,2026-02-14T21:00:00Z
Cardiologists Share 6 Surprising Lifestyle Habits That Boost Heart Health  AOLcom,Cardiologists share the important advice they give patients that you can also incorporate into your daily routine,Prevention.com,2026-02-14T20:40:46Z
36 Cheaper Alternatives To Popular Beauty Items So Good Youll Stop Buying The Pricier Version  BuzzFeed,Its time to cut your beauty routine costs by half  or even more,Buzzfeed,2026-02-14T19:31:02Z
Box Office Wuthering Heights Falls for 11 Million on Opening Day GOAT Takes Second With 71 Million  Variety,The Friday box office fell in love with Emerald Fennells sexy literary drama Wuthering Heights,Variety,2026-02-14T16:53:00Z
Planned USfunded baby vaccine trial in GuineaBissau blasted by WHO  BBC,Giving some newborns in GuineaBissau an established hepatitis B treatment but not others is unethical it says,BBC News,2026-02-14T16:20:33Z
5 ways heartbreak affects the body  CNN,Heartbreak isnt just an emotional experience It can physically hurt Discover five ways love affects your body and what an expert says can help,CNN,2026-02-14T15:00:47Z
UK Calls Time on Brexit Years and Vows Closer Ties With EU  Bloombergcom,Prime Minister Keir Starmer said Britain is no longer the country that voted for Brexit and vowed to build a closer relationship with the European Union,Bloomberg,2026-02-14T13:39:23Z
I found the best Presidents Day TV deals on the latest from Samsung Sony and more  CNN,Presidents Day is an excellent time to upgrade your TV and the deals this year span every popular brand from LG to Samsung,CNN,2026-02-14T12:48:00Z
ChatGPT promised to help her find her soulmate Then it betrayed her  NPR,ChatGPT sent screenwriter Micky Small down a fantastical rabbit hole Now shes finding her way out,NPR,2026-02-14T10:00:00Z
Astronomers watch a massive star collapse into a black hole without a supernova  ScienceDaily,A massive star 25 million lightyears away simply vanished  and astronomers now know why Instead of exploding in a supernova it quietly collapsed into a black hole shedding its outer layers in a slowmotion cosmic fadeout The leftover debris continues,Science Daily,2026-02-14T05:44:15Z
