Title,Description,Source,Date,news_text,cleaned_news,processed_text
Trump claims victory on affordability as public anxieties persist  The Washington Post,Advisers had been encouraging the president to sound more empathetic toward struggling Americans But as some bright spots emerge the messaging has shifted,The Washington Post,2026-02-15T13:02:02Z,Trump claims victory on affordability as public anxieties persist  The Washington Post Advisers had been encouraging the president to sound more empathetic toward struggling Americans But as some bright spots emerge the messaging has shifted,trump claims victory on affordability as public anxieties persist the washington post advisers had been encouraging the president to sound more empathetic toward struggling americans but as some bright spots emerge the messaging has shifted,trump claims victory affordability public anxieties persist washington post advisers encouraging president sound empathetic toward struggling americans bright spots emerge messaging shifted
Want a mortgage for under 3 in 2026 Meet the assumable mortgage  NPR,Low mortgage rates from the COVID era might still be attainable for homebuyers if they find the right house and have the cash,NPR,2026-02-15T12:00:00Z,Want a mortgage for under 3 in 2026 Meet the assumable mortgage  NPR Low mortgage rates from the COVID era might still be attainable for homebuyers if they find the right house and have the cash,want a mortgage for under in meet the assumable mortgage npr low mortgage rates from the covid era might still be attainable for homebuyers if they find the right house and have the cash,want mortgage meet assumable mortgage npr low mortgage rates covid era might still attainable homebuyers find right house cash
At what age should you get a colonoscopy What doctors say after James van der Beeks death  NBC News,The recent death of the 48yearold actor James Van Der Beek is again highlighting how colorectal cancer is increasingly killing younger people,NBC News,2026-02-15T11:00:40Z,At what age should you get a colonoscopy What doctors say after James van der Beeks death  NBC News The recent death of the 48yearold actor James Van Der Beek is again highlighting how colorectal cancer is increasingly killing younger people,at what age should you get a colonoscopy what doctors say after james van der beeks death nbc news the recent death of the yearold actor james van der beek is again highlighting how colorectal cancer is increasingly killing younger people,age get colonoscopy doctors say james van der beeks death nbc news recent death yearold actor james van der beek highlighting colorectal cancer increasingly killing younger people
Eleven killed in Israeli strikes on Gaza rescuers say  BBC,The Palestinian Red Crescent say a strike on a tent encampment in northern Gaza killed at least six people,BBC News,2026-02-15T10:47:02Z,Eleven killed in Israeli strikes on Gaza rescuers say  BBC The Palestinian Red Crescent say a strike on a tent encampment in northern Gaza killed at least six people,eleven killed in israeli strikes on gaza rescuers say bbc the palestinian red crescent say a strike on a tent encampment in northern gaza killed at least six people,eleven killed israeli strikes gaza rescuers say bbc palestinian red crescent say strike tent encampment northern gaza killed least six people
Trump has chipped away at the longstanding wall between church and state Its just the beginning  CNN,A series of faith initiatives championed by the White House has led to a systematic religious revival within the governments operations culture and policy,CNN,2026-02-15T10:00:46Z,Trump has chipped away at the longstanding wall between church and state Its just the beginning  CNN A series of faith initiatives championed by the White House has led to a systematic religious revival within the governments operations culture and policy,trump has chipped away at the longstanding wall between church and state its just the beginning cnn a series of faith initiatives championed by the white house has led to a systematic religious revival within the governments operations culture and policy,trump chipped away longstanding wall church state beginning cnn series faith initiatives championed white house led systematic religious revival within governments operations culture policy
Crown prince urges the world to stand with the people of Iran as 250000 rally in Munich  AP News,About 250000 people have demonstrated against Irans government on the sidelines of a gathering of world leaders in Germany The giant protest in Munich on Saturday answered a call from Irans exiled Crown Prince Reza Pahlavi for cranked up international pre,Associated Press,2026-02-15T09:25:00Z,Crown prince urges the world to stand with the people of Iran as 250000 rally in Munich  AP News About 250000 people have demonstrated against Irans government on the sidelines of a gathering of world leaders in Germany The giant protest in Munich on Saturday answered a call from Irans exiled Crown Prince Reza Pahlavi for cranked up international pre,crown prince urges the world to stand with the people of iran as rally in munich ap news about people have demonstrated against irans government on the sidelines of a gathering of world leaders in germany the giant protest in munich on saturday answered a call from irans exiled crown prince reza pahlavi for cranked up international pre,crown prince urges world stand people iran rally munich news people demonstrated irans government sidelines gathering world leaders germany giant protest munich saturday answered call irans exiled crown prince reza pahlavi cranked international pre
How the case against a Venezuelan man who was shot by an ICE agent fell apart  CNN,Alfredo Alejandro Aljorna was on shift in Minneapolis on a Wednesday evening last month making deliveries as a DoorDash driver when he realized he was being followed by ICE agents his attorney said,CNN,2026-02-15T09:00:46Z,How the case against a Venezuelan man who was shot by an ICE agent fell apart  CNN Alfredo Alejandro Aljorna was on shift in Minneapolis on a Wednesday evening last month making deliveries as a DoorDash driver when he realized he was being followed by ICE agents his attorney said,how the case against a venezuelan man who was shot by an ice agent fell apart cnn alfredo alejandro aljorna was on shift in minneapolis on a wednesday evening last month making deliveries as a doordash driver when he realized he was being followed by ice agents his attorney said,case venezuelan man shot ice agent fell apart cnn alfredo alejandro aljorna shift minneapolis wednesday evening last month making deliveries doordash driver realized followed ice agents attorney said
Trade or trap Japan investors bet on Takaichi after landslide  Financial Times,Markets are still working out what a more empowered prime minister will mean for yen and bonds,Financial Times,2026-02-15T05:00:39Z,Trade or trap Japan investors bet on Takaichi after landslide  Financial Times Markets are still working out what a more empowered prime minister will mean for yen and bonds,trade or trap japan investors bet on takaichi after landslide financial times markets are still working out what a more empowered prime minister will mean for yen and bonds,trade trap japan investors bet takaichi landslide financial times markets still working empowered prime minister mean yen bonds
Its Time to Burn Down The House Karim Anouz on Eviscerating the SuperRich in Rosebush Pruning  The Hollywood Reporter,An allstar cast  including Callum Turner Jamie Bell Riley Keough Elle Fanning and Pamela Anderson  play a violently dysfunctional family in film that makes Saltburn look tame,Hollywood Reporter,2026-02-15T05:00:27Z,Its Time to Burn Down The House Karim Anouz on Eviscerating the SuperRich in Rosebush Pruning  The Hollywood Reporter An allstar cast  including Callum Turner Jamie Bell Riley Keough Elle Fanning and Pamela Anderson  play a violently dysfunctional family in film that makes Saltburn look tame,its time to burn down the house karim anouz on eviscerating the superrich in rosebush pruning the hollywood reporter an allstar cast including callum turner jamie bell riley keough elle fanning and pamela anderson play a violently dysfunctional family in film that makes saltburn look tame,time burn house karim anouz eviscerating superrich rosebush pruning hollywood reporter allstar cast including callum turner jamie bell riley keough elle fanning pamela anderson play violently dysfunctional family film makes saltburn look tame
Could the puzzling case of slain Nebraska teen Mary Kay Heese be solved after 50 years  CBS News,The unsolved murder of Mary Kay Heese 17 a high school junior from Wahoo Nebraska has hung over the community for five decades Will what is believed to be the states oldest cold case finally be solved,CBS News,2026-02-15T04:00:00Z,Could the puzzling case of slain Nebraska teen Mary Kay Heese be solved after 50 years  CBS News The unsolved murder of Mary Kay Heese 17 a high school junior from Wahoo Nebraska has hung over the community for five decades Will what is believed to be the states oldest cold case finally be solved,could the puzzling case of slain nebraska teen mary kay heese be solved after years cbs news the unsolved murder of mary kay heese a high school junior from wahoo nebraska has hung over the community for five decades will what is believed to be the states oldest cold case finally be solved,could puzzling case slain nebraska teen mary kay heese solved years cbs news unsolved murder mary kay heese high school junior wahoo nebraska hung community five decades believed states oldest cold case finally solved
Ohio State Falters Down the Stretch Against No 15 Virginia Despite 28Point Outing From Bruce Thornton  Eleven Warriors,Ohio State scored seven points in the final 10 minutes against No 15 Virginia and fell 7066 despite a 28point outing from Bruce Thornton,Eleven Warriors,2026-02-15T03:25:32Z,Ohio State Falters Down the Stretch Against No 15 Virginia Despite 28Point Outing From Bruce Thornton  Eleven Warriors Ohio State scored seven points in the final 10 minutes against No 15 Virginia and fell 7066 despite a 28point outing from Bruce Thornton,ohio state falters down the stretch against no virginia despite point outing from bruce thornton eleven warriors ohio state scored seven points in the final minutes against no virginia and fell despite a point outing from bruce thornton,ohio state falters stretch virginia despite point outing bruce thornton eleven warriors ohio state scored seven points final minutes virginia fell despite point outing bruce thornton
Jalen Brunson lifts Team Knicks to NBA AllStar Shooting Stars Challenge title  New York Post,Team Knicks headed into the Kia Shooting Stars Challenge on Saturday as the favorite and they didnt disappoint,New York Post,2026-02-15T00:42:00Z,Jalen Brunson lifts Team Knicks to NBA AllStar Shooting Stars Challenge title  New York Post Team Knicks headed into the Kia Shooting Stars Challenge on Saturday as the favorite and they didnt disappoint,jalen brunson lifts team knicks to nba allstar shooting stars challenge title new york post team knicks headed into the kia shooting stars challenge on saturday as the favorite and they didnt disappoint,jalen brunson lifts team knicks nba allstar shooting stars challenge title new york post team knicks headed kia shooting stars challenge saturday favorite didnt disappoint
NASCAR at Daytona Key information links results for 2026 Speedweeks  NASCARcom,Bookmark this page and return often as links results and more for 2026 Daytona Speedweeks are added for all three series,NASCAR,2026-02-15T00:17:53Z,NASCAR at Daytona Key information links results for 2026 Speedweeks  NASCARcom Bookmark this page and return often as links results and more for 2026 Daytona Speedweeks are added for all three series,nascar at daytona key information links results for speedweeks nascarcom bookmark this page and return often as links results and more for daytona speedweeks are added for all three series,nascar daytona key information links results speedweeks nascarcom bookmark page return often links results daytona speedweeks added three series
Berlin Film Festival Issues Lengthy Statement Defending Jury  In Response To Media Storm Artists Should Not Be Expected To Speak On Every Political Issue Raised To Them  Deadline,The Berlinale has issued a lengthy statement in defense of our filmmakers and especially our Jury and Jury President following a backlash,Deadline,2026-02-14T23:30:00Z,Berlin Film Festival Issues Lengthy Statement Defending Jury  In Response To Media Storm Artists Should Not Be Expected To Speak On Every Political Issue Raised To Them  Deadline The Berlinale has issued a lengthy statement in defense of our filmmakers and especially our Jury and Jury President following a backlash,berlin film festival issues lengthy statement defending jury in response to media storm artists should not be expected to speak on every political issue raised to them deadline the berlinale has issued a lengthy statement in defense of our filmmakers and especially our jury and jury president following a backlash,berlin film festival issues lengthy statement defending jury response media storm artists expected speak every political issue raised deadline berlinale issued lengthy statement defense filmmakers especially jury jury president following backlash
Samsung Galaxy S26 Ultra Release Date Latest New Prices And Deals  Forbes,This Samsung Galaxy S26 Ultra release date will see a new price strategy with a change to the preorder deal,Forbes,2026-02-14T22:50:30Z,Samsung Galaxy S26 Ultra Release Date Latest New Prices And Deals  Forbes This Samsung Galaxy S26 Ultra release date will see a new price strategy with a change to the preorder deal,samsung galaxy s ultra release date latest new prices and deals forbes this samsung galaxy s ultra release date will see a new price strategy with a change to the preorder deal,samsung galaxy ultra release date latest new prices deals forbes samsung galaxy ultra release date see new price strategy change preorder deal
Obama compares ICEs rogue behavior in Minnesota to dictatorships  CNN,Former President Barack Obama said that the behavior of ICE agents in Minnesota over the past few months was deeply concerning and dangerous,CNN,2026-02-14T21:33:44Z,Obama compares ICEs rogue behavior in Minnesota to dictatorships  CNN Former President Barack Obama said that the behavior of ICE agents in Minnesota over the past few months was deeply concerning and dangerous,obama compares ices rogue behavior in minnesota to dictatorships cnn former president barack obama said that the behavior of ice agents in minnesota over the past few months was deeply concerning and dangerous,obama compares ices rogue behavior minnesota dictatorships cnn former president barack obama said behavior ice agents minnesota past months deeply concerning dangerous
NASA has a new problem to fix before the next Artemis II countdown test  Ars Technica,We observed materially lower leak rates compared to prior observations during WDR1,Ars Technica,2026-02-14T21:02:47Z,NASA has a new problem to fix before the next Artemis II countdown test  Ars Technica We observed materially lower leak rates compared to prior observations during WDR1,nasa has a new problem to fix before the next artemis ii countdown test ars technica we observed materially lower leak rates compared to prior observations during wdr,nasa new problem fix next artemis countdown test ars technica observed materially lower leak rates compared prior observations wdr
At least 6000 killed over 3 days during RSF attack on Sudans elFasher UN says  NBC News,More than 6000 people were killed in over three days when a Sudanese paramilitary group unleashed a wave of intense violence  shocking in its scale and brutality in Sudans Darfur region in late October according to the United Nations,NBC News,2026-02-14T21:00:39Z,At least 6000 killed over 3 days during RSF attack on Sudans elFasher UN says  NBC News More than 6000 people were killed in over three days when a Sudanese paramilitary group unleashed a wave of intense violence  shocking in its scale and brutality in Sudans Darfur region in late October according to the United Nations,at least killed over days during rsf attack on sudans elfasher un says nbc news more than people were killed in over three days when a sudanese paramilitary group unleashed a wave of intense violence shocking in its scale and brutality in sudans darfur region in late october according to the united nations,least killed days rsf attack sudans elfasher says nbc news people killed three days sudanese paramilitary group unleashed wave intense violence shocking scale brutality sudans darfur region late october according united nations
How global cybercrime syndicates are stealing hearts  and billions  Politico,Scammers are using artificial intelligence to create more realistic online identities to lure in lonely hearts,Politico,2026-02-14T21:00:00Z,How global cybercrime syndicates are stealing hearts  and billions  Politico Scammers are using artificial intelligence to create more realistic online identities to lure in lonely hearts,how global cybercrime syndicates are stealing hearts and billions politico scammers are using artificial intelligence to create more realistic online identities to lure in lonely hearts,global cybercrime syndicates stealing hearts billions politico scammers using artificial intelligence create realistic online identities lure lonely hearts
Cardiologists Share 6 Surprising Lifestyle Habits That Boost Heart Health  AOLcom,Cardiologists share the important advice they give patients that you can also incorporate into your daily routine,Prevention.com,2026-02-14T20:40:46Z,Cardiologists Share 6 Surprising Lifestyle Habits That Boost Heart Health  AOLcom Cardiologists share the important advice they give patients that you can also incorporate into your daily routine,cardiologists share surprising lifestyle habits that boost heart health aolcom cardiologists share the important advice they give patients that you can also incorporate into your daily routine,cardiologists share surprising lifestyle habits boost heart health aolcom cardiologists share important advice give patients also incorporate daily routine
36 Cheaper Alternatives To Popular Beauty Items So Good Youll Stop Buying The Pricier Version  BuzzFeed,Its time to cut your beauty routine costs by half  or even more,Buzzfeed,2026-02-14T19:31:02Z,36 Cheaper Alternatives To Popular Beauty Items So Good Youll Stop Buying The Pricier Version  BuzzFeed Its time to cut your beauty routine costs by half  or even more,cheaper alternatives to popular beauty items so good youll stop buying the pricier version buzzfeed its time to cut your beauty routine costs by half or even more,cheaper alternatives popular beauty items good youll stop buying pricier version buzzfeed time cut beauty routine costs half even
Box Office Wuthering Heights Falls for 11 Million on Opening Day GOAT Takes Second With 71 Million  Variety,The Friday box office fell in love with Emerald Fennells sexy literary drama Wuthering Heights,Variety,2026-02-14T16:53:00Z,Box Office Wuthering Heights Falls for 11 Million on Opening Day GOAT Takes Second With 71 Million  Variety The Friday box office fell in love with Emerald Fennells sexy literary drama Wuthering Heights,box office wuthering heights falls for million on opening day goat takes second with million variety the friday box office fell in love with emerald fennells sexy literary drama wuthering heights,box office wuthering heights falls million opening day goat takes second million variety friday box office fell love emerald fennells sexy literary drama wuthering heights
Planned USfunded baby vaccine trial in GuineaBissau blasted by WHO  BBC,Giving some newborns in GuineaBissau an established hepatitis B treatment but not others is unethical it says,BBC News,2026-02-14T16:20:33Z,Planned USfunded baby vaccine trial in GuineaBissau blasted by WHO  BBC Giving some newborns in GuineaBissau an established hepatitis B treatment but not others is unethical it says,planned usfunded baby vaccine trial in guineabissau blasted by who bbc giving some newborns in guineabissau an established hepatitis b treatment but not others is unethical it says,planned usfunded baby vaccine trial guineabissau blasted bbc giving newborns guineabissau established hepatitis treatment others unethical says
5 ways heartbreak affects the body  CNN,Heartbreak isnt just an emotional experience It can physically hurt Discover five ways love affects your body and what an expert says can help,CNN,2026-02-14T15:00:47Z,5 ways heartbreak affects the body  CNN Heartbreak isnt just an emotional experience It can physically hurt Discover five ways love affects your body and what an expert says can help,ways heartbreak affects the body cnn heartbreak isnt just an emotional experience it can physically hurt discover five ways love affects your body and what an expert says can help,ways heartbreak affects body cnn heartbreak isnt emotional experience physically hurt discover five ways love affects body expert says help
UK Calls Time on Brexit Years and Vows Closer Ties With EU  Bloombergcom,Prime Minister Keir Starmer said Britain is no longer the country that voted for Brexit and vowed to build a closer relationship with the European Union,Bloomberg,2026-02-14T13:39:23Z,UK Calls Time on Brexit Years and Vows Closer Ties With EU  Bloombergcom Prime Minister Keir Starmer said Britain is no longer the country that voted for Brexit and vowed to build a closer relationship with the European Union,uk calls time on brexit years and vows closer ties with eu bloombergcom prime minister keir starmer said britain is no longer the country that voted for brexit and vowed to build a closer relationship with the european union,calls time brexit years vows closer ties bloombergcom prime minister keir starmer said britain longer country voted brexit vowed build closer relationship european union
I found the best Presidents Day TV deals on the latest from Samsung Sony and more  CNN,Presidents Day is an excellent time to upgrade your TV and the deals this year span every popular brand from LG to Samsung,CNN,2026-02-14T12:48:00Z,I found the best Presidents Day TV deals on the latest from Samsung Sony and more  CNN Presidents Day is an excellent time to upgrade your TV and the deals this year span every popular brand from LG to Samsung,i found the best presidents day tv deals on the latest from samsung sony and more cnn presidents day is an excellent time to upgrade your tv and the deals this year span every popular brand from lg to samsung,found best presidents day deals latest samsung sony cnn presidents day excellent time upgrade deals year span every popular brand samsung
ChatGPT promised to help her find her soulmate Then it betrayed her  NPR,ChatGPT sent screenwriter Micky Small down a fantastical rabbit hole Now shes finding her way out,NPR,2026-02-14T10:00:00Z,ChatGPT promised to help her find her soulmate Then it betrayed her  NPR ChatGPT sent screenwriter Micky Small down a fantastical rabbit hole Now shes finding her way out,chatgpt promised to help her find her soulmate then it betrayed her npr chatgpt sent screenwriter micky small down a fantastical rabbit hole now shes finding her way out,chatgpt promised help find soulmate betrayed npr chatgpt sent screenwriter micky small fantastical rabbit hole shes finding way
Astronomers watch a massive star collapse into a black hole without a supernova  ScienceDaily,A massive star 25 million lightyears away simply vanished  and astronomers now know why Instead of exploding in a supernova it quietly collapsed into a black hole shedding its outer layers in a slowmotion cosmic fadeout The leftover debris continues,Science Daily,2026-02-14T05:44:15Z,Astronomers watch a massive star collapse into a black hole without a supernova  ScienceDaily A massive star 25 million lightyears away simply vanished  and astronomers now know why Instead of exploding in a supernova it quietly collapsed into a black hole shedding its outer layers in a slowmotion cosmic fadeout The leftover debris continues,astronomers watch a massive star collapse into a black hole without a supernova sciencedaily a massive star million lightyears away simply vanished and astronomers now know why instead of exploding in a supernova it quietly collapsed into a black hole shedding its outer layers in a slowmotion cosmic fadeout the leftover debris continues,astronomers watch massive star collapse black hole without supernova sciencedaily massive star million lightyears away simply vanished astronomers know instead exploding supernova quietly collapsed black hole shedding outer layers slowmotion cosmic fadeout leftover debris continues
